{
    "file_type": "csv.gz",
    "sku_map": {
        "f7704":"绿箭无糖薄荷糖茉莉花茶味13g",
        "f7513":"绿箭无糖薄荷糖萌萌蜜桃味13g",
        "f7508":"吃定彩虹软糖缤纷果味9g",
        "f7604":"益达粒装OTC薄荷味 14g",
        "f8606":"益达口香糖薄荷味（10粒装）14g",
        "f8607":"益达口香糖草莓味（10粒装）14g",
        "f8610":"绿箭劲酷薄荷硬糖 茉莉冰茶味 20.5g",
        "f8611":"绿箭劲酷薄荷硬糖 冰萃柠檬味 20.5g",
        "f8613":"彩虹面条软糖 32g",
        "f9208":"彩虹糖吃定彩虹8条分享装56g",
        "f9216":"德芙脆可可巧克力15g",
        "f9402":"M&MS牛奶巧克力豆三角串包12.5g",
        "f9222":"德芙零糖黑巧38g",
        "f9504":"德芙牛奶巧克力144g"
    },
    "sku_cal_range": {
        "bysku2025_period": [
            "f7704",
            "f7513",
            "f7508",
            "f7604",
            "f8606",
            "f8607",
            "f8610",
            "f8611",
            "f8613",
            "f9208",
            "f9216",
            "f9402",
            "f9222",
            "f9504"
        ],
        "bysku2024_period": [
            "f7604"
        ]
    },
    "sku_ttl_filter": {
        "y8607": [
            "Hyper",
            "Super"
        ],
        "y8606": [
            "Hyper",
            "Super"
        ],
        "y7604": [
            "Hyper",
            "Super"
        ],
        "y7704": [
            "Hyper",
            "Super",
            "Mini",
            "CVS"
        ],
        "y7513": [
            "Hyper",
            "Super",
            "Mini",
            "CVS"
        ],
        "y7508": [
            "Hyper",
            "Super"
        ],
        "y8613": [
            "TT"
        ],
        "y9208":[
            "TT"
        ],
        "y9216":[
            "Hyper",
            "Super"
        ],
        "y9402":[
            "Hyper",
            "Super",
            "Mini",
            "CVS"
        ],
        "y9222":[
            "Non KA MT",
            "TT"
        ],
        "y9504":[
            "TT"
        ]
        
    },
    "sku_is_active": {
        "f7704": true,
        "f7513": true,
        "f7508": true,
        "f7604": false,
        "f8606": true,
        "f8607": true,
        "f8610": true,
        "f8611": true,
        "f8613": true,
        "f9208": true,
        "f9216": true,
        "f9402": true,
        "f9222": true,
        "f9504": true
    }
}