{
    "file_type": "csv.gz",
    "sku_map": {
        "f7102": "维能无糖口香糖西瓜红石榴味12片",
        "f7104": "维能无糖口香糖酷爽薄荷味12片",
        "f7106": "维能无糖薄荷糖酷爽薄荷味27g",
        "f7107": "维能无糖薄荷糖可乐薄荷味27g",
        "f9003": "维能无糖薄荷糖闪电柚果味27g",
        "f9506": "德芙牛奶巧克力120g"
    },
    "sku_cal_range": {
        "bysku2025_period": [
            "f7102",
            "f7104",
            "f7106",
            "f7107",
            "f9003",
            "f9506"
        ]
    },
    "sku_ttl_filter": {
        "f7102": [
            "TT",
            "Non KA MT"
        ],
        "f7104": [
            "TT",
            "Non KA MT"
        ],
        "f7106": [
            "TT",
            "Non KA MT"
        ],
        "f7107": [
            "TT",
            "Non KA MT"
        ],
        "f9003": [
            "TT",
            "Non KA MT"
        ],
        "f9506": [
            "TT"
        ]
    },
    "sku_is_active": {
        "f7102": true,
        "f7104": true,
        "f7106": true,
        "f7107": true,
        "f9003": true,
        "f9506": true
    }
}