{
    "period":[],
    "clickhouse_table" : "execute_king_nationwide_2025",
    "table_mapping" : {
        "l2_cot_perfect_store.zo_all_2025_p":
        [
            "mars_region_code",
            "mars_province_code",
            "mars_city_cluster_code",
            "mars_city_code",
            "region_code",
            "chain_brand_code",
            "nation_hq_code",
            "city_hq_code",
            "city_hq_code_visit",
            "ka_type_code",
            "channel_code",
            "channel_level2_code",
            "store_channel_code",
            "rtm_channel_code",
            "period",
            "mars_region_name",
            "mars_province_name",
            "mars_city_cluster_name",
            "mars_city_name",
            "region_name",
            "chain_brand_name",
            "nation_hq_name",
            "ka_type_name",
            "city_hq_name",
            "city_hq_name_visit",
            "code",
            "store_name",
            "channel_name",
            "channel_level2_name",
            "store_channel_name",
            "store_level",
            "store_level_visit",
            "wal_mart",
            "employee_type_name",
            "employee_code",
            "employee_name",
            "salesman_code",
            "salesman_name",
            "emp_channel_name",
            "emp_type_name",
            "supervisor_code",
            "supervisor_name",
            "manager_code",
            "manager_name",
            "first_emp_supervisor_code",
            "first_emp_supervisor_name",
            "mg_channel_name",
            "mg_type_name",
            "second_emp_supervisor_code",
            "second_emp_supervisor_name",
            "state",
            "store_cheetah",
            "lbcx",
            "digital",
            "rtm_channel_name",
            "store_kk",
            "store_seg",
            "visit_date",
            "first_approved_timestamp",
            "is_last_visit",
            "is_fixed_cover",
            "visit_in_current_p",
            "ttf",
            "store_count_sys",
            "visit_uid",
            "bd_env_name",
            "biz_scope",
            "has_storefront",
            "is_assess"
        ],
        "l2_cot_perfect_store.zo_bysku_detail_2025_p":
        [
            "period",
            "code",
            "sale_resource",
            "get_mh_sku_count_mint",
            "target_mh_sku_count_mint",
            "get_mh_sku_count_fc",
            "target_mh_sku_count_fc",
            "get_mh_sku_count_gum",
            "target_mh_sku_count_gum",
            "get_mh_sku_count_choc",
            "target_mh_sku_count_choc",
            "f3112",
            "f5715",
            "f3130",
            "f6702",
            "f3142",
            "f3994",
            "f2953",
            "f3003",
            "f3328",
            "f2994",
            "f3052",
            "f2983",
            "f2990",
            "f2984",
            "f2961",
            "f6206",
            "f3317",
            "f2962",
            "f2963",
            "f3338",
            "f3150",
            "f3151",
            "f3072",
            "f3082",
            "f3084",
            "f3085",
            "f3086",
            "f3093",
            "f3334",
            "f3100",
            "f3101",
            "f3113",
            "f3110",
            "f3111",
            "f3050",
            "f3036",
            "f3013",
            "f3021",
            "f3020",
            "f4962",
            "f7804",
            "f3332",
            "f3076",
            "f3091",
            "f7516",
            "f3341",
            "f8607",
            "f8606",
            "f7604",
            "f8615"
        ],
        "l2_cot_perfect_store.zo_ps_all_detail_2025_p":
        [
            "period",
            "code",
            "sku_sale_offline_total",
            "sku_sale_offline_cal"
        ],
        "l2_cot_perfect_store.zo_tt_detail_2025_p":
        [
            "period",
            "code",
            "aust_display_wwy_count",
            "aust_display_choc_count",
            "hexagon_layer_count",
            "co_258_snack_rack",
            "co_beijing_rack",
            "co_beans_rack",
            "co_hebei_rack",
            "choc_oad_count",
            "choc_paper_count",
            "candy_display_layers_count",
            "co_tianjin_rack",
            "whether_has_ice_shelf",
            "ice_hang_num",
            "store_cus_rack_gum_layer_num",
            "store_cus_rack_choc_layer_num"
        ],
        "l2_cot_perfect_store.zo_cvs_detail_2025_p":
        [
            "period",
            "code",
            "manual_co_count",
            "wwy_self_co_count",
            "wwy_manual_co_count",
            "self_co_count",
            "dd_mars_floor3_cover_new",
            "mars_choc_shelf_meter",
            "all_choc_shelf_meter"
        ],
        "l2_cot_perfect_store.zo_minijy_detail_2025_p":
        [
            "period",
            "code",
            "manual_co_count",
            "wwy_manual_co_count",
            "mars_choc_shelf_meter",
            "all_choc_shelf_meter",
            "co_3layer_count"
        ],
        "l2_cot_perfect_store.zo_proj_form_tt_2025_p":
        [
            "period",
            "code",
            "co_mars_mw_open_rack",
            "has_lv_twin_display"
        ],
        "l2_cot_perfect_store.zo_proj_form_south_2025_p":
        [
            "period",
            "code",
            "tt_hex_pic"
        ],
        "l2_cot_perfect_store.zo_proj_form_east_2025_p":
        [
            "period",
            "code",
            "cho_double_shelf_num",
            "shanghai_shelf_display",
            "stair_racks_num"
        ],
        "l2_cot_perfect_store.zo_proj_form_north_2025_p":
        [
            "period",
            "code",
            "checkstand_display_racks_num"
        ],
        "l0_mdp.mars_calendar":
        [
            "dataid",
            "year",
            "month",
            "m_year",
            "m_period",
            "m_week",
            "m_day",
            "day"
        ]
    },
    "column_mapping" : {
        "l2_cot_perfect_store.zo_cvs_detail_2025_p":{
            "manual_co_count":"manual_co_count_cvs",
            "wwy_manual_co_count":"wwy_manual_co_count_cvs",
            "mars_choc_shelf_meter":"mars_choc_shelf_meter_cvs",
            "all_choc_shelf_meter":"all_choc_shelf_meter_cvs",
            "wwy_self_co_count":"wwy_self_co_count_cvs",
            "self_co_count":"self_co_count_cvs"
            },
        "l2_cot_perfect_store.zo_minijy_detail_2025_p":{
            "manual_co_count":"manual_co_count_mini",
            "wwy_manual_co_count":"wwy_manual_co_count_mini",
            "mars_choc_shelf_meter":"mars_choc_shelf_meter_mini",
            "all_choc_shelf_meter":"all_choc_shelf_meter_mini"
        }
    },
    "source_table_list" : [
        "l2_cot_perfect_store.zo_all_2025_p",
        "l2_cot_perfect_store.zo_bysku_detail_2025_p", 
        "l2_cot_perfect_store.zo_ps_all_detail_2025_p", 
        "l2_cot_perfect_store.zo_tt_detail_2025_p", 
        "l2_cot_perfect_store.zo_cvs_detail_2025_p", 
        "l2_cot_perfect_store.zo_minijy_detail_2025_p", 
        "l2_cot_perfect_store.zo_proj_form_tt_2025_p", 
        "l2_cot_perfect_store.zo_proj_form_south_2025_p", 
        "l2_cot_perfect_store.zo_proj_form_east_2025_p", 
        "l2_cot_perfect_store.zo_proj_form_north_2025_p"
    ]
}