{
    "file_type": "csv.gz",
    "sku_map": {
        "f8603": "绿箭桂花乌龙薄荷口香糖12片 32g",
        "f8608": "绿箭脆皮软心糖元气葡萄味 80g",
        "f8623": "益达冰川薄荷40粒",
        "f8615": "士力架花生400克桶装",
        "f7102": "维能无糖口香糖西瓜红石榴味12片",
        "f7104": "维能无糖口香糖酷爽薄荷味12片",
        "f7106": "维能无糖薄荷糖酷爽薄荷味27g",
        "f7107": "维能无糖薄荷糖可乐薄荷味27g",
        "f9003": "维能无糖薄荷糖闪电柚果味27g"
    },
    "sku_cal_range": {
        "bysku2025_period": [
            "f8603",
            "f8608",
            "f8623",
            "f8615",
            "f7102",
            "f7104",
            "f7106",
            "f7107",
            "f9003"
        ]
    },
    "sku_ttl_filter": {
        "f8603": [
            "TT"
        ],
        "f8608": [
            "TT"
        ],
        "f8623": [
            "TT"
        ],
        "f8615": [
            "TT"
        ],
        "f7102": [
            "TT",
            "Non KA MT"
        ],
        "f7104": [
            "TT",
            "Non KA MT"
        ],
        "f7106": [
            "TT",
            "Non KA MT"
        ],
        "f7107": [
            "TT",
            "Non KA MT"
        ],
        "f9003": [
            "TT",
            "Non KA MT"
        ]
    }
}