{
    "file_type": "csv.gz",
    "sku_map": {
        "f7704":"绿箭无糖薄荷糖茉莉花茶味13g",
        "f7513":"绿箭无糖薄荷糖萌萌蜜桃味13g",
        "f7508":"吃定彩虹软糖缤纷果味9g",
        "f7604":"益达粒装OTC薄荷味 14g",
        "f8606":"益达口香糖薄荷味（10粒装）14g",
        "f8607":"益达口香糖草莓味（10粒装）14g",
        "f8610":"绿箭劲酷薄荷硬糖 茉莉冰茶味 20.5g",
        "f8611":"绿箭劲酷薄荷硬糖 冰萃柠檬味 20.5g",
        "f8613":"彩虹面条软糖 32g",
        "f9208":"彩虹糖吃定彩虹8条分享装56g"
    },
    "sku_cal_range": {
        "bysku2025_period": [
            "f7704",
            "f7513",
            "f7508",
            "f7604",
            "f8606",
            "f8607",
            "f8610",
            "f8611",
            "f8613",
            "f9208"
        ],
        "bysku2024_period": [
            "f7604"
        ]
    },
    "sku_ttl_filter": {
        "y8607": [
            "Hyper",
            "Super"
        ],
        "y8606": [
            "Hyper",
            "Super"
        ],
        "y7604": [
            "Hyper",
            "Super"
        ],
        "y7704": [
            "Hyper",
            "Super",
            "Mini",
            "CVS"
        ],
        "y7513": [
            "Hyper",
            "Super",
            "Mini",
            "CVS"
        ],
        "y7508": [
            "Hyper",
            "Super",
            "Mini"
        ],
        "y8613": [
            "TT"
        ],
        "y9208":[
            "TT"
        ]
    }
}