{
    "file_type": "csv.gz",
    "sku_map": {
        "f8603": "绿箭桂花乌龙薄荷口香糖12片 32g",
        "f8608": "绿箭脆皮软心糖元气葡萄味 80g",
        "f8623": "益达冰川薄荷40粒",
        "f8615": "士力架花生400克桶装"
    },
    "sku_cal_range": {
        "bysku2025_period": [
            "f8603",
            "f8608",
            "f8623",
            "f8615"
        ]
    },
    "sku_ttl_filter": {
        "f8603": [
            "TT"
        ],
        "f8608": [
            "TT"
        ],
        "f8623": [
            "TT"
        ],
        "f8615": [
            "TT"
        ]
    }
}